pulseheight,counts_ch_A,counts_ch_B
3.0742871435717865,35,49
3.2228614307153585,26,46
3.37143571785893,29,47
3.5200100050025016,30,38
3.6685842921460736,33,39
3.8171585792896456,35,39
3.965732866433217,35,43
4.114307153576789,36,30
4.262881440720362,29,52
4.411455727863933,25,44
4.560030015007504,26,38
4.708604302151077,27,41
4.857178589294648,27,41
5.005752876438221,38,53
5.154327163581792,30,50
5.302901450725363,41,34
5.451475737868936,31,55
5.600050025012507,21,53
5.748624312156079,31,57
5.897198599299651,30,50
6.045772886443222,29,44
6.194347173586795,33,46
6.342921460730366,36,43
6.491495747873938,28,45
6.64007003501751,17,42
6.7886443221610815,37,43
6.937218609304654,32,46
7.0857928964482255,50,42
7.2343671835917975,29,38
7.3829414707353695,36,40
7.531515757878941,35,35
7.680090045022513,26,41
7.828664332166085,30,41
7.977238619309657,34,38
8.125812906453229,35,33
8.2743871935968,33,43
8.422961480740373,34,40
8.571535767883944,29,49
8.720110055027515,35,47
8.868684342171086,27,48
9.017258629314659,37,45
9.165832916458232,30,38
9.314407203601803,44,52
9.462981490745374,36,56
9.611555777888945,31,44
9.760130065032518,576,50
9.908704352176091,839,46
10.057278639319662,761,45
10.205852926463233,869,50
10.354427213606805,719,134
10.503001500750377,767,486
10.65157578789395,743,572
10.800150075037521,825,513
10.948724362181093,722,535
11.097298649324664,854,490
11.245872936468235,714,558
11.394447223611808,732,474
11.54302151075538,705,521
11.691595797898952,762,426
11.840170085042523,686,505
11.988744372186094,768,463
12.137318659329667,728,484
12.28589294647324,738,519
12.434467233616811,767,522
12.583041520760382,691,485
12.731615807903953,739,519
12.880190095047526,773,465
13.028764382191099,792,544
13.17733866933467,749,476
13.325912956478241,820,547
13.474487243621812,784,515
13.623061530765385,807,542
13.771635817908958,821,502
13.92021010505253,914,559
14.0687843921961,740,512
14.217358679339672,946,500
14.365932966483244,848,535
14.514507253626816,952,542
14.663081540770389,830,509
14.81165582791396,975,479
14.96023011505753,839,482
15.108804402201104,933,487
15.257378689344675,828,467
15.405952976488248,893,451
15.554527263631819,760,461
15.70310155077539,814,412
15.851675837918963,691,423
16.000250125062536,782,430
16.148824412206107,749,401
16.297398699349678,718,443
16.445972986493253,741,411
16.59454727363682,719,405
16.743121560780395,653,392
16.891695847923966,687,403
17.040270135067537,771,424
17.188844422211112,681,408
17.33741870935468,726,373
17.485992996498254,629,366
17.634567283641825,666,401
17.783141570785396,658,344
17.93171585792897,709,327
18.08029014507254,645,342
18.228864432216113,702,313
18.377438719359684,597,285
18.526013006503256,704,287
18.67458729364683,614,299
18.823161580790398,579,303
18.971735867933972,559,286
19.12031015507754,677,314
19.268884442221115,571,263
19.417458729364686,626,286
19.566033016508257,528,264
19.71460730365183,831,267
19.8631815907954,586,189
20.011755877938974,612,237
20.160330165082545,537,258
20.308904452226116,525,255
20.45747873936969,541,216
20.60605302651326,491,264
20.754627313656833,509,229
20.903201600800404,477,230
21.051775887943975,528,223
21.20035017508755,496,254
21.348924462231118,514,200
21.497498749374692,464,206
21.646073036518263,473,209
21.794647323661835,474,218
21.94322161080541,494,173
22.091795897948977,426,214
22.24037018509255,472,195
22.388944472236123,474,190
22.537518759379694,543,201
22.68609304652327,448,194
22.834667333666836,418,169
22.98324162081041,469,181
23.131815907953982,444,177
23.280390195097553,392,180
23.428964482241128,446,190
23.577538769384695,421,192
23.72611305652827,482,185
23.87468734367184,422,167
24.023261630815412,403,183
24.171835917958987,393,176
24.320410205102554,408,145
24.46898449224613,417,163
24.6175587793897,361,152
24.76613306653327,389,146
24.914707353676846,346,123
25.063281640820414,343,142
25.211855927963988,326,139
25.360430215107556,359,132
25.50900450225113,340,134
25.657578789394705,338,117
25.806153076538273,306,142
25.954727363681847,341,122
26.103301650825415,286,127
26.25187593796899,279,105
26.400450225112564,295,109
26.549024512256132,290,101
26.697598799399707,244,111
26.846173086543274,277,77
26.99474737368685,231,93
27.143321660830424,243,103
27.29189594797399,231,104
27.440470235117566,229,84
27.589044522261133,195,107
27.737618809404708,228,85
27.886193096548283,193,82
28.03476738369185,214,99
28.183341670835425,196,83
28.331915957978993,179,71
28.480490245122567,198,81
28.629064532266142,201,70
28.77763881940971,180,76
28.926213106553284,163,79
29.07478739369685,182,67
29.223361680840426,172,53
29.371935967984,174,93
29.52051025512757,154,67
29.669084542271143,161,51
29.81765882941471,150,68
29.966233116558286,199,79
30.11480740370186,147,61
30.263381690845428,175,68
30.411955977989003,142,66
30.56053026513257,151,73
30.709104552276145,132,63
30.85767883941972,161,70
31.006253126563287,145,54
31.15482741370686,146,69
31.30340170085043,135,74
31.451975987994004,127,76
31.60055027513758,107,72
31.749124562281146,121,57
31.89769884942472,132,48
32.04627313656829,136,65
32.19484742371186,128,50
32.34342171085544,141,63
32.49199599799901,131,60
32.64057028514258,121,73
32.78914457228615,133,62
32.93771885942972,120,68
33.0862931465733,130,49
33.23486743371687,127,57
33.38344172086044,134,53
33.53201600800401,112,73
33.68059029514758,125,85
33.829164582291156,120,70
33.97773886943473,145,65
34.1263131565783,121,73
34.274887443721866,141,61
34.42346173086544,109,97
34.572036018009015,141,111
34.72061030515259,141,103
34.86918459229616,126,119
35.017758879439725,127,124
35.1663331665833,138,144
35.314907453726875,139,147
35.46348174087044,141,162
35.61205602801401,163,192
35.760630315157584,205,237
35.90920460230116,204,259
36.057778889444734,219,290
36.2063531765883,242,277
36.35492746373187,268,315
36.503501750875444,294,377
36.65207603801902,346,435
36.80065032516259,359,389
36.94922461230616,464,467
37.09779889944973,490,448
37.2463731865933,576,482
37.39494747373688,651,501
37.54352176088045,659,546
37.69209604802402,833,538
37.84067033516759,794,532
37.98924462231116,1011,566
38.13781890945474,932,563
38.28639319659831,1222,484
38.43496748374188,1090,543
38.58354177088545,1367,446
38.73211605802902,1330,439
38.880690345172596,1535,375
39.02926463231617,1470,404
39.17783891945974,1686,382
39.326413206603306,1513,310
39.47498749374688,1729,271
39.623561780890455,1551,310
39.77213606803403,1728,249
39.9207103551776,1550,246
40.069284642321165,1624,177
40.21785892946474,1541,161
40.366433216608314,1528,166
40.51500750375189,1427,110
40.663581790895456,1406,118
40.812156078039024,1267,98
40.9607303651826,1146,87
41.10930465232617,1102,92
41.25787893946975,949,70
41.406453226613316,910,76
41.55502751375688,779,64
41.70360180090046,722,43
41.85217608804403,598,43
42.00075037518761,602,55
42.149324662331175,459,40
42.29789894947474,475,43
42.44647323661832,362,56
42.59504752376189,357,37
42.743621810905466,313,36
42.892196098049034,266,40
43.0407703851926,193,31
43.189344672336176,194,37
43.33791895947975,144,38
43.486493246623326,143,41
43.63506753376689,114,29
43.78364182091046,113,35
43.932216108054035,88,37
44.08079039519761,107,40
44.229364682341185,73,44
44.37793896948475,88,33
44.52651325662832,66,37
44.675087543771895,79,23
44.82366183091547,65,28
44.972236118059044,66,38
45.12081040520261,68,30
45.26938469234618,62,40
45.417958979489754,69,38
45.56653326663333,44,27
45.7151075537769,68,41
45.86368184092047,61,27
46.01225612806404,65,33
46.16083041520761,65,31
46.30940470235119,74,30
46.45797898949476,61,34
46.60655327663833,63,29
46.7551275637819,70,30
46.90370185092547,66,27
47.05227613806905,53,31
47.20085042521262,61,31
47.34942471235619,70,38
47.49799899949976,70,25
47.64657328664333,79,38
47.795147573786906,58,32
47.943721860930474,67,26
48.09229614807405,67,26
48.240870435217616,73,26
48.38944472236119,61,32
48.538019009504765,66,21
48.68659329664833,56,23
48.83516758379191,72,26
48.983741870935475,75,13
49.13231615807905,56,20
49.280890445222624,55,37
49.42946473236619,54,32
49.57803901950977,64,37
49.726613306653334,54,15
49.87518759379691,64,31
50.023761880940484,62,23
50.17233616808405,62,25
50.320910455227626,81,22
50.46948474237119,50,27
50.61805902951477,83,32
50.76663331665834,65,36
50.91520760380191,70,27
51.063781890945485,55,28
51.21235617808905,62,31
51.36093046523263,55,33
51.5095047523762,80,21
51.65807903951977,65,30
51.806653326663344,68,27
51.95522761380691,64,26
52.10380190095049,81,29
52.25237618809406,61,18
52.40095047523763,59,25
52.5495247623812,47,22
52.69809904952477,57,35
52.846673336668346,48,27
52.99524762381192,71,22
53.14382191095549,59,17
53.29239619809906,59,21
53.44097048524263,62,24
53.589544772386205,49,35
53.73811905952978,57,23
53.88669334667335,69,23
54.03526763381692,67,19
54.18384192096049,43,21
54.332416208104064,65,23
54.48099049524764,55,23
54.629564782391206,69,28
54.77813906953478,48,28
54.92671335667835,67,19
55.07528764382192,43,24
55.2238619309655,54,21
55.372436218109065,64,28
55.52101050525264,57,23
55.66958479239621,56,38
55.81815907953978,54,20
55.96673336668336,58,17
56.115307653826925,60,20
56.2638819409705,62,21
56.41245622811407,62,30
56.56103051525764,47,33
56.709604802401216,56,37
56.858179089544784,69,14
57.00675337668836,56,30
57.155327663831926,52,25
57.3039019509755,59,29
57.452476238119075,63,24
57.60105052526264,60,24
57.74962481240622,53,19
57.898199099549785,44,18
58.04677338669336,54,27
58.195347673836935,58,25
58.3439219609805,50,24
58.49249624812408,45,21
58.641070535267644,54,21
58.78964482241122,51,28
58.938219109554794,77,13
59.08679339669836,59,20
59.235367683841936,63,20
59.383941970985504,54,23
59.53251625812908,61,17
59.68109054527265,49,24
59.82966483241622,67,26
59.978239119559795,55,24
60.12681340670336,65,24
60.27538769384694,59,27
60.42396198099051,51,30
60.57253626813408,54,28
60.72111055527765,55,17
60.86968484242122,79,33
61.0182591295648,57,27
61.16683341670837,59,26
61.31540770385194,49,20
61.46398199099551,64,33
61.61255627813908,67,19
61.761130565282656,56,23
61.90970485242623,76,20
62.0582791395698,55,24
62.206853426713366,52,23
62.35542771385694,62,19
62.504002001000515,57,21
62.65257628814409,68,24
62.80115057528766,57,27
62.949724862431225,62,26
63.0982991495748,50,21
63.246873436718374,52,32
63.39544772386195,44,32
63.54402201100552,65,34
63.692596298149084,58,20
63.84117058529266,62,30
63.98974487243623,47,23
64.13831915957981,48,23
64.28689344672338,54,30
64.43546773386694,60,28
64.58404202101053,69,28
64.73261630815409,46,25
64.88119059529767,67,15
65.02976488244124,62,20
65.1783391695848,58,21
65.32691345672839,70,33
65.47548774387195,74,19
65.62406203101553,53,35
65.7726363181591,70,32
65.92121060530266,51,29
66.06978489244625,66,31
66.21835917958981,55,27
66.36693346673339,70,22
66.51550775387696,65,32
66.66408204102052,65,25
66.81265632816411,56,25
66.96123061530767,52,31
67.10980490245123,63,29
67.25837918959482,66,24
67.40695347673838,64,30
67.55552776388195,63,28
67.70410205102553,51,22
67.85267633816909,60,25
68.00125062531268,67,20
68.14982491245624,73,34
68.29839919959981,48,31
68.44697348674339,76,29
68.59554777388695,61,21
68.74412206103054,63,27
68.8926963481741,67,14
69.04127063531767,66,39
69.18984492246125,62,28
69.33841920960481,70,20
69.4869934967484,71,33
69.63556778389196,70,35
69.78414207103553,60,20
69.9327163581791,48,37
70.08129064532267,71,32
70.22986493246626,66,32
70.37843921960982,76,30
70.52701350675339,60,28
70.67558779389697,60,38
70.82416208104053,66,25
70.97273636818412,59,32
71.12131065532768,54,33
71.26988494247125,70,20
71.41845922961483,65,26
71.56703351675839,75,26
71.71560780390197,59,27
71.86418209104554,71,23
72.01275637818911,59,31
72.16133066533268,70,23
72.30990495247624,72,28
72.45847923961983,71,23
72.6070535267634,72,26
72.75562781390697,70,29
72.90420210105054,75,20
73.0527763881941,76,27
73.2013506753377,73,23
73.34992496248125,62,21
73.49849924962483,70,24
73.6470735367684,77,19
73.79564782391196,68,22
73.94422211105555,70,23
74.09279639819911,78,19
74.24137068534269,52,23
74.38994497248626,81,26
74.53851925962982,70,20
74.68709354677341,75,14
74.83566783391697,63,21
74.98424212106055,84,26
75.13281640820412,61,16
75.28139069534768,72,21
75.42996498249127,57,18
75.57853926963483,61,24
75.7271135567784,51,18
75.87568784392198,84,17
76.02426213106554,66,15
76.17283641820913,67,20
76.32141070535269,69,11
76.46998499249626,81,16
76.61855927963984,57,11
76.7671335667834,50,19
76.91570785392699,66,14
77.06428214107055,53,14
77.21285642821412,63,19
77.3614307153577,57,16
77.51000500250126,52,10
77.65857928964485,61,17
77.80715357678841,53,11
77.95572786393198,49,16
78.10430215107556,49,13
78.25287643821912,48,9
78.40145072536271,46,9
78.55002501250627,49,14
78.69859929964984,53,15
78.84717358679342,45,10
78.99574787393698,53,13
79.14432216108057,42,3
79.29289644822413,36,10
79.4414707353677,36,11
79.59004502251128,34,10
79.73861930965484,46,10
79.88719359679843,38,10
80.03576788394199,26,17
80.18434217108556,42,10
80.33291645822914,31,12
80.4814907453727,31,5
80.63006503251628,30,7
80.77863931965985,36,9
80.92721360680342,29,8
81.075787893947,35,10
81.22436218109056,31,6
81.37293646823414,22,9
81.5215107553777,30,8
81.67008504252128,29,10
81.81865932966485,28,8
81.96723361680841,24,11
82.115807903952,21,6
82.26438219109556,19,8
82.41295647823914,35,5
82.56153076538271,18,8
82.71010505252627,26,7
82.85867933966986,12,7
83.00725362681342,13,9
83.155827913957,21,11
83.30440220110057,23,8
83.45297648824413,22,8
83.60155077538772,16,6
83.75012506253128,15,11
83.89869934967486,17,10
84.04727363681843,27,10
84.19584792396199,15,7
84.34442221110558,17,8
84.49299649824914,15,10
84.64157078539272,15,4
84.79014507253629,17,8
84.93871935967985,16,8
85.08729364682344,20,13
85.235867933967,17,7
85.38444222111058,14,8
85.53301650825415,18,18
85.68159079539771,15,13
85.8301650825413,12,11
85.97873936968486,14,11
86.12731365682843,11,15
86.27588794397201,14,6
86.42446223111557,14,12
86.57303651825916,14,13
86.72161080540272,15,19
86.8701850925463,14,16
87.01875937968987,11,15
87.16733366683343,11,19
87.31590795397702,17,23
87.46448224112058,13,15
87.61305652826415,17,28
87.76163081540773,12,31
87.91020510255129,14,30
88.05877938969488,12,23
88.20735367683844,13,20
88.35592796398201,14,39
88.50450225112559,18,38
88.65307653826915,13,34
88.80165082541274,10,39
88.9502251125563,14,55
89.09879939969987,12,42
89.24737368684345,10,43
89.395947973987,16,39
89.5445222611306,21,52
89.69309654827416,22,42
89.84167083541773,21,64
89.9902451225613,15,55
90.13881940970487,30,54
90.28739369684845,23,64
90.43596798399201,34,67
90.58454227113559,23,59
90.73311655827916,40,74
90.88169084542272,37,59
91.03026513256631,41,72
91.17883941970987,38,88
91.32741370685345,57,62
91.47598799399702,53,57
91.62456228114058,60,71
91.77313656828417,60,64
91.92171085542773,71,67
92.0702851425713,68,51
92.21885942971488,82,64
92.36743371685844,99,71
92.51600800400203,92,70
92.66458229114559,101,58
92.81315657828915,109,57
92.96173086543274,115,56
93.1103051525763,102,48
93.25887943971989,126,46
93.40745372686345,118,51
93.55602801400701,171,47
93.7046023011506,145,50
93.85317658829416,175,43
94.00175087543775,139,35
94.15032516258131,162,35
94.29889944972487,156,28
94.44747373686846,164,33
94.59604802401202,168,30
94.74462231115561,199,25
94.89319659829917,175,25
95.04177088544273,193,32
95.19034517258632,198,21
95.33891945972988,215,20
95.48749374687347,179,20
95.63606803401703,197,17
95.78464232116059,198,16
95.93321660830418,228,15
96.08179089544774,183,7
96.23036518259133,215,15
96.37893946973489,194,8
96.52751375687845,187,11
96.67608804402204,173,10
96.8246623311656,187,7
96.97323661830919,180,8
97.12181090545275,186,7
97.27038519259631,173,7
97.4189594797399,148,12
97.56753376688346,165,5
97.71610805402705,159,7
97.8646823411706,153,9
98.01325662831417,139,1
98.16183091545776,137,5
98.31040520260132,140,3
98.4589794897449,124,4
98.60755377688847,91,3
98.75612806403203,122,1
98.90470235117562,95,1
99.05327663831918,93,7
99.20185092546276,93,4
99.35042521260632,78,2
99.49899949974989,66,3
99.64757378689347,78,0
99.79614807403703,81,5
99.94472236118062,58,3
100.09329664832418,46,5
100.24187093546774,47,5
100.39044522261133,52,3
100.5390195097549,43,5
100.68759379689848,34,6
100.83616808404204,18,4
100.9847423711856,27,6
101.13331665832919,20,3
101.28189094547275,23,6
101.43046523261634,16,3
101.5790395197599,12,1
101.72761380690346,13,1
101.87618809404705,15,7
102.02476238119061,11,2
102.1733366683342,18,4
102.32191095547776,12,4
102.47048524262132,14,8
102.61905952976491,10,6
102.76763381690847,11,7
102.91620810405206,6,7
103.06478239119562,6,4
103.21335667833918,11,5
103.36193096548277,5,7
103.51050525262633,7,6
103.65907953976992,6,7
103.80765382691348,5,7
103.95622811405704,7,9
104.10480240120063,2,8
104.25337668834419,11,7
104.40195097548778,6,5
104.55052526263134,5,10
104.6990995497749,4,6
104.84767383691849,8,11
104.99624812406205,5,7
105.14482241120564,6,4
105.2933966983492,5,6
105.44197098549276,5,9
105.59054527263635,11,11
105.73911955977991,6,7
105.8876938469235,11,11
106.03626813406706,5,6
106.18484242121062,13,5
106.3334167083542,7,6
106.48199099549777,6,4
106.63056528264136,10,9
106.77913956978492,10,5
106.92771385692848,7,3
107.07628814407207,11,7
107.22486243121563,5,12
107.37343671835922,6,3
107.52201100550278,9,1
107.67058529264634,12,3
107.81915957978993,5,1
107.96773386693349,9,8
108.11630815407707,13,3
108.26488244122064,10,1
108.4134567283642,13,3
108.56203101550778,5,6
108.71060530265135,3,8
108.85917958979493,7,0
109.0077538769385,15,2
109.15632816408205,9,1
109.30490245122564,9,8
109.4534767383692,5,3
109.6020510255128,12,2
109.75062531265635,10,2
109.89919959979991,5,2
110.0477738869435,7,0
110.19634817408706,3,3
110.34492246123065,5,3
110.49349674837421,6,3
110.64207103551777,9,2
110.79064532266136,13,0
110.93921960980492,3,3
111.08779389694851,12,3
111.23636818409207,3,3
111.38494247123563,12,2
111.53351675837922,5,1
111.68209104552278,6,1
111.83066533266637,10,1
111.97923961980993,7,0
112.12781390695349,9,1
112.27638819409708,6,1
112.42496248124064,7,1
112.57353676838423,4,0
112.72211105552779,5,0
112.87068534267135,5,1
113.01925962981494,9,1
113.1678339169585,7,2
113.31640820410209,2,0
113.46498249124565,2,1
113.61355677838921,7,1
113.7621310655328,1,4
113.91070535267636,8,3
114.05927963981995,7,0
114.20785392696351,4,1
114.35642821410707,3,1
114.50500250125066,5,3
114.65357678839422,4,1
114.80215107553781,3,0
114.95072536268137,5,4
115.09929964982493,3,2
115.24787393696852,3,2
115.39644822411208,7,0
115.54502251125567,2,2
115.69359679839923,3,0
115.84217108554279,3,1
115.99074537268638,4,1
116.13931965982994,3,3
116.28789394697353,0,2
116.43646823411709,0,0
116.58504252126065,3,1
116.73361680840424,3,0
116.8821910955478,3,1
117.03076538269138,1,1
117.17933966983495,5,1
117.3279139569785,4,1
117.4764882441221,1,1
117.62506253126566,2,3
117.77363681840923,1,1
117.9222111055528,3,1
118.07078539269637,1,1
118.21935967983995,0,1
118.36793396698351,2,0
118.51650825412709,2,0
118.66508254127066,2,1
118.81365682841422,3,1
118.96223111555781,1,0
119.11080540270137,0,0
119.25937968984495,2,1
119.40795397698852,1,1
119.55652826413208,4,1
119.70510255127567,3,0
119.85367683841923,2,0
120.00225112556281,1,0
120.15082541270638,0,2
120.29939969984994,3,3
120.44797398699353,1,2
120.59654827413709,2,1
120.74512256128067,1,1
120.89369684842424,2,0
121.0422711355678,1,0
121.19084542271139,0,2
121.33941970985495,3,1
121.48799399699853,0,0
121.6365682841421,0,3
121.78514257128566,1,0
121.93371685842925,1,1
122.08229114557281,3,2
122.23086543271639,1,2
122.37943971985996,1,1
122.52801400700352,3,1
122.67658829414711,1,1
122.82516258129067,2,1
122.97373686843424,3,0
123.12231115557782,1,1
123.27088544272138,0,1
123.41945972986497,1,2
123.56803401700853,1,3
123.7166083041521,1,0
123.86518259129568,1,0
124.01375687843924,2,0
124.16233116558283,0,6
124.31090545272639,2,1
124.45947973986996,1,0
124.60805402701354,2,1
124.7566283141571,1,0
124.90520260130069,1,2
125.05377688844425,2,1
125.20235117558782,2,3
125.3509254627314,4,0
125.49949974987496,1,2
125.64807403701855,2,1
125.7966483241621,0,1
125.94522261130568,4,2
126.09379689844926,1,1
126.24237118559282,1,2
126.3909454727364,2,4
126.53951975987997,2,3
126.68809404702354,2,1
126.83666833416711,2,2
126.98524262131068,0,0
127.13381690845426,2,0
127.28239119559782,0,1
127.4309654827414,1,1
127.57953976988497,3,0
127.72811405702853,0,1
127.87668834417212,2,0
128.02526263131568,2,0
128.17383691845927,2,3
128.32241120560283,1,0
128.47098549274642,1,3
128.61955977988998,1,3
128.76813406703354,0,2
128.91670835417713,2,4
129.0652826413207,3,0
129.21385692846428,5,1
129.36243121560784,1,3
129.5110055027514,1,2
129.659579789895,2,1
129.80815407703855,1,1
129.95672836418214,2,3
130.1053026513257,4,2
130.25387693846926,1,1
130.40245122561285,1,1
130.5510255127564,3,2
130.6995997999,2,0
130.84817408704356,3,0
130.99674837418712,5,1
131.14532266133068,4,0
131.29389694847427,0,3
131.44247123561783,1,3
131.59104552276142,0,1
131.73961980990498,1,2
131.88819409704854,1,0
132.03676838419213,3,1
132.1853426713357,5,1
132.33391695847928,1,1
132.48249124562284,1,0
132.6310655327664,5,1
132.77963981991,2,0
132.92821410705355,3,0
133.07678839419714,3,1
133.2253626813407,2,2
133.37393696848426,0,1
133.52251125562785,4,1
133.6710855427714,5,1
133.819659829915,1,0
133.96823411705856,2,0
134.11680840420212,4,1
134.2653826913457,1,0
134.41395697848927,1,0
134.56253126563286,1,0
134.71110555277642,2,1
134.85967983991998,4,0
135.00825412706357,2,0
135.15682841420713,0,0
135.30540270135072,0,1
135.45397698849428,0,2
135.60255127563784,7,1
135.75112556278143,1,0
135.89969984992499,0,0
136.04827413706857,3,2
136.19684842421213,4,2
136.3454227113557,4,1
136.49399699849928,4,1
136.64257128564284,2,1
136.79114557278643,4,1
136.93971985993,3,0
137.08829414707355,3,0
137.23686843421714,3,0
137.3854427213607,3,0
137.5340170085043,1,2
137.68259129564785,1,0
137.8311655827914,3,0
137.979739869935,1,2
138.12831415707856,1,1
138.27688844422215,3,1
138.4254627313657,4,0
138.57403701850927,3,1
138.72261130565286,2,2
138.87118559279642,1,0
139.01975987994,1,0
139.16833416708357,3,0
139.31690845422713,2,0
139.46548274137072,1,0
139.61405702851428,0,2
139.76263131565787,0,2
139.91120560280143,1,2
140.059779889945,0,2
140.20835417708858,1,2
140.35692846423214,1,0
140.50550275137573,0,0
140.6540770385193,2,0
140.80265132566285,1,1
140.95122561280644,1,1
141.09979989995,0,1
141.2483741870936,1,1
141.39694847423715,2,0
141.5455227613807,0,2
141.6940970485243,1,0
141.84267133566786,2,0
141.99124562281145,2,2
142.139819909955,2,1
142.28839419709857,1,1
142.43696848424216,0,0
142.58554277138572,1,0
142.7341170585293,1,0
142.88269134567287,1,0
143.03126563281643,0,0
143.17983991996002,1,2
143.32841420710358,1,1
143.47698849424717,1,2
143.62556278139073,1,1
143.7741370685343,1,1
143.92271135567788,2,1
144.07128564282144,0,0
144.21985992996503,1,0
144.3684342171086,1,1
144.51700850425215,0,0
144.66558279139574,1,0
144.8141570785393,0,0
144.96273136568288,0,2
145.11130565282645,2,3
145.25987993997,0,2
145.4084542271136,1,1
145.55702851425715,0,0
145.70560280140074,1,2
145.8541770885443,0,1
146.00275137568786,0,0
146.15132566283145,0,0
146.299899949975,1,1
146.4484742371186,0,0
146.59704852426216,0,0
146.74562281140572,1,0
146.8941970985493,0,1
147.04277138569287,4,1
147.19134567283646,1,0
147.33991995998002,0,0
147.48849424712358,0,0
147.63706853426717,1,0
147.78564282141073,1,1
147.93421710855432,0,0
148.08279139569788,1,0
148.23136568284144,0,1
148.37993996998503,2,1
148.5285142571286,1,0
148.67708854427218,2,3
148.82566283141574,4,1
148.9742371185593,1,0
149.1228114057029,0,3
149.27138569284645,1,0
149.41995997999004,0,0
149.5685342671336,1,2
149.71710855427716,0,0
149.86568284142075,1,0
150.0142571285643,0,0
150.1628314157079,0,0
150.31140570285146,1,0
150.45997998999502,1,2
150.6085542771386,0,0
150.75712856428217,0,0
150.90570285142576,1,1
151.05427713856932,0,1
151.20285142571288,3,0
151.35142571285647,0,1
151.50000000000003,1,0
151.64857428714362,1,1
151.79714857428718,0,3
151.94572286143074,0,2
152.09429714857433,1,2
152.2428714357179,0,1
152.39144572286148,2,2
152.54002001000504,0,1
152.6885942971486,1,1
152.8371685842922,2,2
152.98574287143575,0,0
153.13431715857934,1,0
153.2828914457229,1,1
153.43146573286646,0,3
153.58004002001005,0,3
153.7286143071536,2,0
153.8771885942972,0,0
154.02576288144076,4,1
154.17433716858432,1,1
154.3229114557279,0,2
154.47148574287147,2,0
154.62006003001505,0,1
154.76863431715861,2,1
154.91720860430217,0,0
155.06578289144576,0,1
155.21435717858932,1,1
155.3629314657329,1,2
155.51150575287647,0,2
155.66008004002003,0,1
155.80865432716362,0,2
155.95722861430718,0,1
156.10580290145077,3,0
156.25437718859433,0,1
156.4029514757379,0,1
156.55152576288148,0,0
156.70010005002504,0,0
156.84867433716863,0,0
156.9972486243122,3,0
157.14582291145575,0,0
157.29439719859934,1,0
157.4429714857429,0,1
157.5915457728865,0,1
157.74012006003005,2,1
157.8886943471736,3,1
158.0372686343172,0,2
158.18584292146076,0,4
158.33441720860435,1,1
158.4829914957479,0,0
158.63156578289147,1,0
158.78014007003506,1,1
158.92871435717862,0,1
159.0772886443222,1,0
159.22586293146577,0,2
159.37443721860933,1,0
159.52301150575292,0,4
159.67158579289648,0,0
159.82016008004007,2,2
159.96873436718363,0,0
160.1173086543272,0,0
160.26588294147078,0,1
160.41445722861434,1,0
160.56303151575793,1,1
160.7116058029015,1,0
160.86018009004505,0,1
161.00875437718864,3,1
161.1573286643322,1,0
161.3059029514758,0,2
161.45447723861935,0,0
161.6030515257629,1,1
161.7516258129065,2,2
161.90020010005006,2,0
162.04877438719365,1,0
162.1973486743372,0,1
162.34592296148077,1,1
162.49449724862436,2,0
162.64307153576792,2,1
162.7916458229115,1,1
162.94022011005507,3,2
163.08879439719863,1,0
163.23736868434221,0,0
163.38594297148578,1,0
163.53451725862936,0,0
163.68309154577292,1,0
163.83166583291649,2,0
163.98024012006007,2,0
164.12881440720363,0,0
164.27738869434722,0,1
164.42596298149078,2,0
164.57453726863434,0,1
164.72311155577793,0,1
164.8716858429215,0,0
165.02026013006508,1,1
165.16883441720864,1,0
165.3174087043522,2,0
165.4659829914958,0,1
165.61455727863935,0,0
165.76313156578294,1,0
165.9117058529265,0,3
166.06028014007006,1,0
166.20885442721365,0,1
166.3574287143572,1,0
166.5060030015008,0,0
166.65457728864436,2,0
166.80315157578792,0,1
166.9517258629315,0,0
167.10030015007507,1,0
167.24887443721866,0,1
167.39744872436222,0,1
167.54602301150578,0,0
167.69459729864937,0,0
167.84317158579293,1,1
167.99174587293652,2,0
168.14032016008008,0,1
168.28889444722364,0,0
168.43746873436723,1,0
168.5860430215108,1,0
168.73461730865438,2,0
168.88319159579794,1,0
169.0317658829415,2,0
169.1803401700851,1,2
169.32891445722865,2,1
169.47748874437224,0,0
169.6260630315158,0,0
169.77463731865936,0,0
169.92321160580295,1,0
170.0717858929465,0,0
170.2203601800901,1,1
170.36893446723366,0,0
170.51750875437722,1,1
170.6660830415208,0,0
170.81465732866437,0,1
170.96323161580796,0,0
171.11180590295152,1,0
171.26038019009508,0,1
171.40895447723867,0,1
171.55752876438223,0,0
171.70610305152582,0,2
171.85467733866938,0,1
172.00325162581294,0,0
172.15182591295653,1,1
172.30040020010009,1,0
172.44897448724367,0,0
172.59754877438723,0,0
172.7461230615308,1,0
172.89469734867438,0,1
173.04327163581794,0,1
173.19184592296153,0,0
173.3404202101051,0,0
173.48899449724865,0,1
173.63756878439224,0,1
173.7861430715358,0,0
173.9347173586794,2,3
174.08329164582295,0,2
174.2318659329665,0,1
174.3804402201101,0,1
174.52901450725366,1,0
174.67758879439725,1,0
174.8261630815408,0,1
174.97473736868437,2,0
175.12331165582796,1,1
175.27188594297152,2,2
175.4204602301151,2,0
175.56903451725867,0,1
175.71760880440223,0,2
175.86618309154582,1,0
176.01475737868938,0,2
176.16333166583297,1,2
176.31190595297653,0,1
176.4604802401201,0,2
176.60905452726368,0,1
176.75762881440724,0,1
176.90620310155083,1,1
177.0547773886944,0,1
177.20335167583795,1,3
177.35192596298154,0,0
177.5005002501251,0,2
177.6490745372687,0,1
177.79764882441225,1,0
177.9462231115558,1,1
178.0947973986994,0,0
178.24337168584296,0,0
178.39194597298655,0,3
178.5405202601301,1,0
178.68909454727367,2,1
178.83766883441726,0,0
178.98624312156082,0,1
179.1348174087044,0,0
179.28339169584797,1,0
179.43196598299153,1,0
179.58054027013512,0,0
179.72911455727868,0,0
179.87768884442227,2,0
180.02626313156583,1,1
180.1748374187094,0,2
180.32341170585298,1,0
180.47198599299654,0,3
180.62056028014013,0,1
180.7691345672837,1,2
180.91770885442725,3,0
181.0662831415708,0,0
181.2148574287144,1,0
181.36343171585798,2,0
181.51200600300155,0,0
181.6605802901451,1,1
181.80915457728867,3,0
181.95772886443226,2,0
182.10630315157584,1,1
182.2548774387194,2,0
182.40345172586296,1,0
182.55202601300653,0,0
182.7006003001501,1,0
182.8491745872937,2,0
182.99774887443726,2,1
183.14632316158082,1,0
183.29489744872438,1,0
183.44347173586797,1,0
183.59204602301156,1,0
183.74062031015512,0,0
183.88919459729868,0,0
184.03776888444224,2,0
184.18634317158583,3,0
184.33491745872942,2,0
184.48349174587298,0,0
184.63206603301654,0,0
184.7806403201601,4,0
184.9292146073037,2,0
185.07778889444728,2,0
185.22636318159084,4,0
185.3749374687344,0,0
185.52351175587796,1,0
185.67208604302155,2,0
185.82066033016514,2,0
185.9692346173087,1,0
186.11780890445226,1,0
186.26638319159582,0,0
186.4149574787394,0,0
186.563531765883,0,0
186.71210605302656,1,0
186.86068034017012,1,0
187.00925462731368,0,0
187.15782891445727,0,0
187.30640320160086,0,0
187.45497748874442,0,0
187.60355177588798,0,0
187.75212606303154,0,0
187.90070035017513,0,0
188.04927463731872,0,0
188.19784892446228,1,0
188.34642321160584,1,0
188.4949974987494,0,0
188.643571785893,0,0
188.79214607303658,0,0
188.94072036018014,0,0
189.0892946473237,1,0
189.23786893446726,0,1
189.38644322161085,0,0
189.53501750875444,1,0
189.683591795898,1,1
189.83216608304156,0,0
189.98074037018512,0,0
190.1293146573287,0,0
190.2778889444723,0,0
190.42646323161586,0,0
190.57503751875942,0,0
190.72361180590298,0,0
190.87218609304657,0,0
191.02076038019015,0,0
191.16933466733371,0,0
191.31790895447728,0,0
191.46648324162084,0,0
191.61505752876442,0,0
191.763631815908,0,0
191.91220610305157,0,0
192.06078039019513,0,0
192.2093546773387,0,0
192.35792896448228,0,0
192.50650325162587,0,0
192.65507753876943,0,0
192.803651825913,0,0
192.95222611305655,0,0
193.10080040020014,0,0
193.24937468734373,0,0
193.3979489744873,0,0
193.54652326163085,0,0
193.6950975487744,0,0
193.843671835918,0,1
193.9922461230616,0,0
194.14082041020515,0,0
194.2893946973487,0,0
194.43796898449227,0,0
194.58654327163586,0,0
194.73511755877945,0,0
194.883691845923,0,0
195.03226613306657,0,1
195.18084042021013,0,0
195.32941470735372,0,0
195.4779889944973,0,0
195.62656328164087,0,0
195.77513756878443,0,0
195.923711855928,0,0
196.07228614307158,0,0
196.22086043021517,0,0
196.36943471735873,0,0
196.5180090045023,0,1
196.66658329164585,0,0
196.81515757878944,0,0
196.96373186593303,1,0
197.1123061530766,0,0
197.26088044022015,0,0
197.4094547273637,0,0
197.5580290145073,1,0
197.7066033016509,0,0
197.85517758879445,0,0
198.003751875938,0,0
198.15232616308157,0,0
198.30090045022516,1,0
198.44947473736875,0,0
198.5980490245123,0,0
198.74662331165587,0,0
198.89519759879943,1,0
199.04377188594302,0,0
199.1923461730866,0,1
199.34092046023017,0,0
199.48949474737373,1,0
199.6380690345173,0,0
199.78664332166088,0,0
199.93521760880446,0,0
200.08379189594802,0,0
200.23236618309159,0,0
200.38094047023515,0,0
200.52951475737873,0,0
200.67808904452232,2,0
200.82666333166588,0,0
200.97523761880944,0,0
201.123811905953,0,0
201.2723861930966,0,1
201.42096048024018,0,0
201.56953476738374,0,0
201.7181090545273,0,1
201.86668334167086,1,0
202.01525762881445,0,0
202.16383191595804,0,0
202.3124062031016,0,0
202.46098049024516,0,0
202.60955477738872,0,0
202.7581290645323,0,0
202.9067033516759,0,0
203.05527763881946,0,0
203.20385192596302,0,0
203.35242621310658,0,0
203.50100050025017,0,0
203.64957478739376,0,0
203.79814907453732,0,0
203.94672336168088,0,0
204.09529764882444,0,0
204.24387193596803,0,0
204.39244622311162,0,1
204.54102051025518,0,0
204.68959479739874,0,0
204.8381690845423,0,0
204.9867433716859,0,0
205.13531765882948,1,0
205.28389194597304,0,0
205.4324662331166,0,1
205.58104052026016,0,0
205.72961480740375,0,0
205.87818909454734,0,0
206.0267633816909,0,0
206.17533766883446,0,0
206.32391195597802,0,0
206.4724862431216,0,0
206.6210605302652,0,0
206.76963481740876,0,0
206.91820910455232,0,0
207.06678339169588,0,0
207.21535767883947,0,0
207.36393196598306,0,0
207.51250625312662,0,0
207.66108054027018,0,1
207.80965482741374,0,0
207.95822911455733,0,0
208.10680340170092,0,0
208.25537768884448,0,0
208.40395197598804,0,0
208.5525262631316,0,1
208.70110055027519,0,0
208.84967483741877,0,0
208.99824912456234,0,0
209.1468234117059,0,0
209.29539769884946,0,0
209.44397198599304,0,0
209.59254627313663,0,1
209.7411205602802,0,0
209.88969484742375,0,0
210.03826913456732,0,0
210.1868434217109,0,0
210.3354177088545,0,0
210.48399199599805,1,0
210.6325662831416,0,0
210.78114057028517,0,0
210.92971485742876,0,0
211.07828914457235,0,0
211.2268634317159,0,0
211.37543771885947,0,0
211.52401200600303,0,0
211.67258629314662,0,1
211.8211605802902,0,0
211.96973486743377,1,0
212.11830915457733,0,0
212.2668834417209,0,0
212.41545772886448,0,0
212.56403201600807,0,0
212.71260630315163,1,0
212.8611805902952,0,0
213.00975487743875,0,0
213.15832916458234,0,0
213.30690345172593,1,0
213.4554777388695,0,0
213.60405202601305,0,0
213.7526263131566,0,0
213.9012006003002,1,0
214.0497748874438,0,0
214.19834917458735,0,0
214.3469234617309,0,0
214.49549774887447,0,0
214.64407203601806,0,1
214.79264632316165,0,0
214.9412206103052,0,0
215.08979489744877,0,0
215.23836918459233,0,0
215.38694347173592,0,0
215.5355177588795,0,0
215.68409204602307,0,0
215.83266633316663,0,0
215.9812406203102,0,0
216.12981490745378,0,0
216.27838919459737,0,0
216.42696348174093,0,0
216.5755377688845,0,0
216.72411205602805,0,0
216.87268634317164,0,0
217.02126063031523,1,0
217.1698349174588,0,0
217.31840920460235,0,0
217.4669834917459,0,0
217.6155577788895,0,0
217.76413206603308,0,0
217.91270635317665,0,0
218.0612806403202,0,0
218.20985492746377,0,0
218.35842921460736,0,0
218.50700350175094,0,0
218.6555777888945,0,0
218.80415207603806,0,0
218.95272636318163,0,0
219.10130065032521,0,0
219.2498749374688,0,0
219.39844922461236,0,0
219.54702351175592,0,0
219.69559779889948,0,0
219.84417208604307,0,0
219.99274637318666,0,0
220.14132066033022,0,0
220.28989494747378,0,0
220.43846923461734,0,0
220.58704352176093,0,0
220.73561780890452,0,0
220.88419209604808,0,0
221.03276638319164,0,0
221.1813406703352,0,0
221.3299149574788,0,0
221.47848924462238,0,0
221.62706353176594,0,0
221.7756378189095,0,0
221.92421210605306,0,0
222.07278639319665,0,0
222.22136068034024,0,0
222.3699349674838,0,1
222.51850925462736,0,0
222.66708354177092,0,0
222.8156578289145,0,0
222.9642321160581,0,0
223.11280640320166,0,0
223.26138069034522,0,0
223.40995497748878,0,0
223.55852926463237,1,0
223.70710355177596,0,0
223.85567783891952,0,0
224.00425212606308,0,0
224.15282641320664,1,1
224.30140070035023,0,0
224.44997498749382,0,1
224.59854927463738,0,0
224.74712356178094,0,0
224.8956978489245,0,0
225.0442721360681,0,0
225.19284642321168,0,0
225.34142071035524,0,0
225.4899949974988,0,0
225.63856928464236,0,0
225.78714357178595,0,0
225.93571785892954,0,0
226.0842921460731,0,0
226.23286643321666,0,0
226.38144072036022,0,0
226.5300150075038,0,0
226.6785892946474,0,0
226.82716358179096,0,0
226.97573786893452,0,0
227.12431215607808,0,0
227.27288644322167,0,0
227.42146073036525,1,0
227.57003501750881,0,1
227.71860930465238,0,0
227.86718359179594,0,0
228.01575787893952,0,0
228.1643321660831,0,0
228.31290645322667,0,0
228.46148074037023,0,0
228.6100550275138,0,0
228.75862931465738,1,0
228.90720360180097,0,0
229.05577788894453,0,1
229.2043521760881,0,0
229.35292646323165,0,0
229.50150075037524,0,0
229.65007503751883,0,1
229.7986493246624,0,0
229.94722361180595,0,0
230.0957978989495,0,0
230.2443721860931,0,0
230.3929464732367,0,0
230.54152076038025,0,0
230.6900950475238,0,0
230.83866933466737,0,1
230.98724362181096,0,0
231.13581790895455,0,0
231.2843921960981,0,1
231.43296648324167,0,0
231.58154077038523,0,0
231.73011505752882,0,0
231.87868934467238,0,0
232.02726363181597,0,0
232.17583791895953,0,0
232.3244122061031,0,1
232.47298649324668,0,0
232.62156078039024,0,1
232.77013506753383,0,0
232.9187093546774,0,1
233.06728364182095,0,0
233.21585792896454,0,1
233.3644322161081,0,0
233.5130065032517,0,0
233.66158079039525,0,0
233.8101550775388,0,0
233.9587293646824,0,0
234.10730365182596,0,0
234.25587793896955,0,0
234.4044522261131,0,0
234.55302651325667,0,1
234.70160080040026,0,0
234.85017508754382,0,0
234.9987493746874,0,1
235.14732366183097,0,0
235.29589794897453,0,0
235.44447223611812,0,0
235.59304652326168,0,1
235.74162081040527,0,0
235.89019509754883,0,0
236.0387693846924,0,0
236.18734367183598,2,0
236.33591795897954,0,0
236.48449224612312,0,0
236.63306653326669,0,0
236.78164082041025,0,0
236.93021510755383,0,0
237.0787893946974,0,0
237.22736368184098,0,0
237.37593796898454,0,0
237.5245122561281,0,0
237.6730865432717,0,0
237.82166083041525,1,0
237.97023511755884,0,0
238.1188094047024,0,0
238.26738369184596,0,0
238.41595797898955,0,0
238.5645322661331,0,0
238.7131065532767,0,1
238.86168084042026,0,0
239.01025512756382,0,0
239.1588294147074,1,0
239.30740370185097,0,1
239.45597798899456,0,1
239.60455227613812,0,0
239.75312656328168,0,0
239.90170085042527,0,1
240.05027513756883,1,1
240.19884942471242,0,0
240.34742371185598,0,0
240.49599799899954,0,0
240.64457228614313,0,1
240.7931465732867,1,0
240.94172086043028,0,0
241.09029514757384,0,0
241.2388694347174,0,0
241.387443721861,0,0
241.53601800900455,0,0
241.68459229614814,0,0
241.8331665832917,1,0
241.98174087043526,1,0
242.13031515757885,1,0
242.2788894447224,0,0
242.427463731866,0,1
242.57603801900956,0,0
242.72461230615312,0,0
242.8731865932967,1,0
243.02176088044027,0,0
243.17033516758386,1,0
243.31890945472742,0,0
243.46748374187098,0,0
243.61605802901457,0,0
243.76463231615813,1,0
243.91320660330172,0,0
244.06178089044528,1,0
244.21035517758884,1,0
244.35892946473243,0,0
244.507503751876,0,0
244.65607803901958,1,0
244.80465232616314,0,0
244.9532266133067,0,1
245.10180090045029,0,1
245.25037518759385,0,0
245.39894947473744,0,0
245.547523761881,0,0
245.69609804902456,0,0
245.84467233616814,0,1
245.9932466233117,0,1
246.1418209104553,0,0
246.29039519759885,1,0
246.43896948474242,0,0
246.587543771886,0,0
246.73611805902956,0,1
246.88469234617315,1,1
247.0332666333167,0,0
247.18184092046027,0,0
247.33041520760386,0,1
247.47898949474742,0,1
247.627563781891,0,0
247.77613806903457,1,0
247.92471235617813,0,0
248.07328664332172,0,0
248.22186093046528,0,0
248.37043521760887,0,0
248.51900950475243,0,0
248.667583791896,0,0
248.81615807903958,0,1
248.96473236618314,1,0
249.11330665332673,0,0
249.2618809404703,0,0
249.41045522761385,0,0
249.55902951475744,0,0
249.707603801901,1,0
249.8561780890446,0,0
250.00475237618815,0,0
250.1533266633317,1,0
250.3019009504753,0,0
250.45047523761886,1,0
250.59904952476245,0,0
250.747623811906,0,0
250.89619809904957,0,0
251.04477238619316,1,1
251.19334667333672,0,0
251.3419209604803,0,0
251.49049524762387,0,0
251.63906953476743,0,1
251.78764382191102,0,0
251.93621810905458,0,0
252.08479239619817,0,0
252.23336668334173,0,1
252.3819409704853,1,0
252.53051525762888,2,0
252.67908954477244,0,0
252.82766383191603,0,0
252.9762381190596,0,0
253.12481240620315,0,0
253.27338669334674,0,1
253.4219609804903,1,0
253.5705352676339,0,0
253.71910955477745,0,0
253.867683841921,0,1
254.0162581290646,0,0
254.16483241620816,0,0
254.31340670335175,0,0
254.4619809904953,0,0
254.61055527763887,0,0
254.75912956478246,1,0
254.90770385192602,0,0
255.0562781390696,1,0
255.20485242621317,1,0
255.35342671335673,0,1
255.50200100050031,1,0
255.65057528764387,0,1
255.79914957478746,0,1
255.94772386193102,0,0
256.09629814907464,0,0
256.2448724362182,0,0
256.39344672336176,0,0
256.5420210105053,0,1
256.6905952976489,0,0
256.83916958479244,0,1
256.98774387193606,0,0
257.1363181590796,0,0
257.2848924462232,1,0
257.43346673336674,0,0
257.58204102051036,0,0
257.7306153076539,0,0
257.8791895947975,0,0
258.02776388194104,0,0
258.1763381690846,0,0
258.32491245622816,0,0
258.4734867433718,0,0
258.62206103051534,0,0
258.7706353176589,0,0
258.91920960480246,0,0
259.067783891946,0,0
259.2163581790896,0,0
259.3649324662332,0,0
259.51350675337676,0,0
259.6620810405203,0,0
259.8106553276639,0,0
259.95922961480744,0,0
260.107803901951,0,0
260.2563781890946,0,0
260.4049524762382,0,0
260.55352676338174,0,0
260.7021010505253,0,0
260.8506753376689,1,0
260.9992496248125,0,0
261.14782391195604,1,0
261.2963981990996,0,0
261.44497248624316,0,0
261.5935467733867,0,0
261.74212106053034,1,0
261.8906953476739,0,0
262.03926963481746,1,0
262.187843921961,0,0
262.33641820910464,0,0
262.4849924962482,0,0
262.63356678339176,0,0
262.7821410705353,0,0
262.9307153576789,0,0
263.07928964482244,1,0
263.22786393196606,0,0
263.3764382191096,0,0
263.5250125062532,0,0
263.67358679339674,1,0
263.82216108054035,0,0
263.9707353676839,1,0
264.1193096548275,0,0
264.26788394197104,0,0
264.4164582291146,1,0
264.56503251625816,0,0
264.7136068034018,0,0
264.86218109054533,0,0
265.0107553776889,0,0
265.15932966483246,0,0
265.3079039519761,0,0
265.45647823911963,0,0
265.6050525262632,0,0
265.75362681340675,0,0
265.9022011005503,0,0
266.0507753876939,0,0
266.1993496748375,0,0
266.34792396198105,0,0
266.4964982491246,1,1
266.6450725362682,0,0
266.7936468234118,0,1
266.94222111055535,0,0
267.0907953976989,1,1
267.2393696848425,0,0
267.38794397198603,0,0
267.5365182591296,0,0
267.6850925462732,0,0
267.83366683341677,0,0
267.98224112056033,0,0
268.1308154077039,0,0
268.2793896948475,2,0
268.42796398199107,0,0
268.57653826913463,0,0
268.7251125562782,0,1
268.87368684342175,1,0
269.0222611305653,0,0
269.17083541770893,0,0
269.3194097048525,0,0
269.46798399199605,0,0
269.6165582791396,1,0
269.7651325662832,0,0
269.9137068534268,0,0
270.06228114057035,0,0
270.2108554277139,0,0
270.35942971485747,0,0
270.50800400200103,0,0
270.65657828914465,0,0
270.8051525762882,0,0
270.95372686343177,0,1
271.10230115057533,0,1
271.25087543771895,0,0
271.3994497248625,0,0
271.54802401200607,1,0
271.6965982991496,0,0
271.8451725862932,0,1
271.99374687343675,0,0
272.14232116058037,0,0
272.2908954477239,0,1
272.4394697348675,1,0
272.58804402201105,0,0
272.73661830915466,0,1
272.8851925962982,0,0
273.0337668834418,0,0
273.18234117058535,0,0
273.3309154577289,0,1
273.47948974487247,0,0
273.6280640320161,1,0
273.77663831915964,0,1
273.9252126063032,0,0
274.07378689344677,1,0
274.2223611805904,0,0
274.37093546773394,0,0
274.5195097548775,0,0
274.66808404202106,0,1
274.8166583291646,0,0
274.9652326163082,1,1
275.1138069034518,0,0
275.26238119059536,0,0
275.4109554777389,1,1
275.5595297648825,0,0
275.7081040520261,0,0
275.85667833916966,0,0
276.0052526263132,0,0
276.1538269134568,1,0
276.30240120060034,0,0
276.4509754877439,0,0
276.5995497748875,0,0
276.7481240620311,0,0
276.89669834917464,0,0
277.0452726363182,0,0
277.1938469234618,0,0
277.3424212106054,0,0
277.49099549774894,0,0
277.6395697848925,1,0
277.78814407203606,0,0
277.9367183591796,0,0
278.08529264632324,0,2
278.2338669334668,0,0
278.38244122061036,1,0
278.5310155077539,0,0
278.67958979489754,0,0
278.8281640820411,0,0
278.97673836918466,2,1
279.1253126563282,1,0
279.2738869434718,0,0
279.42246123061534,1,1
279.57103551775896,0,0
279.7196098049025,2,0
279.8681840920461,0,1
280.01675837918964,0,0
280.16533266633326,0,0
280.3139069534768,0,0
280.4624812406204,0,0
280.61105552776394,0,1
280.7596298149075,0,1
280.90820410205106,0,0
281.0567783891947,0,0
281.20535267633824,0,0
281.3539269634818,0,0
281.50250125062536,1,0
281.651075537769,0,0
281.79964982491254,0,1
281.9482241120561,0,1
282.09679839919966,0,0
282.2453726863432,0,0
282.3939469734868,0,0
282.5425212606304,0,0
282.69109554777395,0,1
282.8396698349175,0,0
282.9882441220611,0,0
283.1368184092047,0,0
283.28539269634825,1,0
283.4339669834918,0,0
283.5825412706354,0,0
283.73111555777893,1,0
283.8796898449225,0,0
284.0282641320661,0,0
284.1768384192097,0,0
284.32541270635323,0,0
284.4739869934968,1,0
284.6225612806404,1,0
284.771135567784,2,0
284.91970985492753,0,0
285.0682841420711,0,1
285.21685842921465,0,0
285.3654327163582,0,0
285.51400700350183,1,0
285.6625812906454,0,0
285.81115557778895,0,0
285.9597298649325,0,0
286.10830415207613,0,0
286.2568784392197,0,1
286.40545272636325,0,0
286.5540270135068,0,0
286.7026013006504,0,0
286.85117558779393,1,0
286.99974987493755,0,1
287.1483241620811,0,0
287.29689844922467,0,0
287.44547273636823,0,0
287.59404702351185,0,0
287.7426213106554,0,0
287.89119559779897,0,1
288.03976988494253,0,0
288.1883441720861,0,0
288.33691845922965,0,0
288.48549274637327,0,0
288.6340670335168,0,0
288.7826413206604,0,0
288.93121560780395,0,0
289.07978989494757,0,0
289.2283641820911,0,0
289.3769384692347,2,0
289.52551275637825,0,0
289.6740870435218,0,0
289.82266133066537,0,0
289.971235617809,0,0
290.11980990495255,0,0
290.2683841920961,0,0
290.41695847923967,0,0
290.5655327663833,0,0
290.71410705352685,1,1
290.8626813406704,0,0
291.01125562781397,0,0
291.1598299149575,0,0
291.3084042021011,0,0
291.4569784892447,1,0
291.60555277638827,1,0
291.7541270635318,0,0
291.9027013506754,0,0
292.051275637819,0,1
292.19984992496256,0,0
292.3484242121061,0,0
292.4969984992497,0,0
292.64557278639325,0,0
292.7941470735368,0,0
292.9427213606804,1,0
293.091295647824,0,0
293.23986993496754,0,0
293.3884442221111,0,0
293.5370185092547,0,1
293.6855927963983,2,1
293.83416708354184,1,0
293.9827413706854,0,1
294.13131565782896,0,0
294.2798899449725,0,0
294.42846423211614,1,0
294.5770385192597,0,0
294.72561280640326,0,0
294.8741870935468,0,0
295.02276138069044,0,0
295.171335667834,0,1
295.31990995497756,1,0
295.4684842421211,0,0
295.6170585292647,0,0
295.76563281640824,0,0
295.91420710355186,1,0
296.0627813906954,0,0
296.211355677839,1,0
296.35992996498254,0,0
296.50850425212616,1,0
296.6570785392697,0,0
296.8056528264133,1,0
296.95422711355684,0,1
297.1028014007004,1,0
297.25137568784396,0,0
297.3999499749876,0,1
297.54852426213114,0,0
297.6970985492747,0,0
297.84567283641826,0,0
297.9942471235619,0,0
298.14282141070544,0,0
298.291395697849,0,0
298.43996998499256,0,0
298.5885442721361,0,0
298.7371185592797,0,0
298.8856928464233,0,0
299.03426713356686,0,0
299.1828414207104,0,0
299.331415707854,0,2
299.4799899949976,0,0
299.62856428214116,0,0
299.7771385692847,223,1
299.9257128564283,2,0
